presiden prabowo,0
pemerintahan presiden,0
kebijakan presiden,0
program kebijakan,0
indonesia,0
prabowo subianto,0
prabowo,0
negara,0
kementerian,0
menteri,0
kabinet,0
republik indonesia,0
rakyat,0
ri,0
anggaran,0
oposisi,0
dewan,0
gibran,0
tunggu,0
koalisi,0
program pemerintah,0
informasi,0
publik,0
oposisi,0
perintah presiden,0
era pemerintahan,0
hukum,0
di bawah kepemimpinan,0
istana,0
pusat,0
daerah,0
undang,0
undang-undang,0
sidang,0
lembaga,0
regulasi,0
instruksi,0
penetapan,0
pemerintahan pusat,0
pemerintah daerah,0
pemerintahan daerah,0
pemerintahan prabowo,0
rapat kabinet,0
kementerian pertahanan,0
kementerian sosial,0
kementerian keuangan,0
anggaran negara,0
sidang kabinet,0
program nasional,0
presiden prabowo subianto,0
perintah presiden prabowo,0
pemerintahan prabowo gibran,0
rapat kabinet indonesia,0
program pemerintah pusat,0
menteri kabinet indonesia,0
direktorat,0
sekretaris,0
peraturan,0
birokrasi,0
lembaga,0
rapat,0
agenda,0
evaluasi,0
pejabat,0
koordinator,0
administrasi,0
komisi,0
forum,0
partai,0
sidang paripurna,0
peraturan presiden,0
peraturan pemerintah,0
menteri dalam negeri,0
menteri pendidikan,0
menteri pendidikan dan kebudayaan,0
evaluasi kebijakan,0
direktorat jenderal,0
agenda nasional,0
kabinet pemerintahan,0
data pemerintah,0
informasi publik,0
sidang pleno,0
publik indonesia,0
agenda negara,0
hubungan diplomatik,0
kunjungan kerja,0
pertemuan resmi,0
pemerintah republik indonesia,0
komisi pemilihan umum,0
badan pemeriksa keuangan,0
sidang kabinet indonesia,0
kebijakan pemerintah pusat,0
rapat koordinasi nasional,0
data publik resmi,0
kebijakan publik nasional,0
anggaran kebijakan,0
anggaran pemerintahan,0
amp,